Temperature_K,Wavelength_nm,n,k,Eg_eV
280,250.0,1.718609,0.703610842885877,1.6434341980509533
280,260.0,1.741234,0.7090244562837995,1.6434341980509533
280,270.0,1.740974,0.7174515284125046,1.6434341980509533
280,280.0,1.727297,0.742839420295332,1.6434341980509533
280,290.0,1.712858,0.7906593640929105,1.6434341980509533
280,300.0,1.709886,0.8602354979830621,1.6434341980509533
280,310.0,1.729131,0.9462252109537452,1.6434341980509533
280,320.0,1.778979,1.0391095154269672,1.6434341980509533
280,330.0,1.863991,1.1256689914186335,1.6434341980509533
280,340.0,1.982935,1.1902224096941556,1.6434341980509533
280,350.0,2.126688,1.217517907267544,1.6434341980509533
280,360.0,2.2778650000000003,1.197855562122143,1.6434341980509533
280,370.0,2.4149010000000004,1.1320796107389113,1.6434341980509533
280,380.0,2.5190880000000004,1.0319220495374741,1.6434341980509533
280,390.0,2.579311,0.9166268568530986,1.6434341980509533
280,400.0,2.595899,0.8082262297549211,1.6434341980509533
280,410.0,2.5809460000000004,0.7229488148117011,1.6434341980509533
280,420.0,2.550511,0.6667207228882194,1.6434341980509533
280,430.0,2.5185030000000004,0.6382153542891702,1.6434341980509533
280,440.0,2.495845,0.6320990353891104,1.6434341980509533
280,450.0,2.4907830000000004,0.6397805595535214,1.6434341980509533
280,460.0,2.5076340000000004,0.6495404754401006,1.6434341980509533
280,470.0,2.5442440000000004,0.6485830892313474,1.6434341980509533
280,480.0,2.590999,0.6278257154168034,1.6434341980509533
280,490.0,2.634436,0.5863709733266477,1.6434341980509533
280,500.0,2.6638780000000004,0.5312132549663527,1.6434341980509533
280,510.0,2.675517,0.4722943857888872,1.6434341980509533
280,520.0,2.6714610000000003,0.4176275029142354,1.6434341980509533
280,530.0,2.6564200000000002,0.3715757114276554,1.6434341980509533
280,540.0,2.6351630000000004,0.3355430460949887,1.6434341980509533
280,550.0,2.61152,0.30925189621595206,1.6434341980509533
280,560.0,2.5883480000000003,0.2916635916087228,1.6434341980509533
280,570.0,2.5678360000000002,0.28138857903895165,1.6434341980509533
280,580.0,2.551772,0.27669780145274553,1.6434341980509533
280,590.0,2.541576,0.2753399795492578,1.6434341980509533
280,600.0,2.5379790000000004,0.27441079194013873,1.6434341980509533
280,610.0,2.540327,0.2706574090187799,1.6434341980509533
280,620.0,2.545847,0.2619280771436648,1.6434341980509533
280,630.0,2.550889,0.24832816273873157,1.6434341980509533
280,640.0,2.552604,0.2320390353682672,1.6434341980509533
280,650.0,2.5501650000000002,0.21594898757079475,1.6434341980509533
280,660.0,2.544544,0.202256009521887,1.6434341980509533
280,670.0,2.5375110000000003,0.19199156437625478,1.6434341980509533
280,680.0,2.5308770000000003,0.18525845242848527,1.6434341980509533
280,690.0,2.526259,0.1815836323455559,1.6434341980509533
280,700.0,2.5251900000000003,0.18004145292374787,1.6434341980509533
280,710.0,2.5293400000000004,0.1789681183396362,1.6434341980509533
280,720.0,2.5405520000000004,0.17510934164511052,1.6434341980509533
280,730.0,2.5599540000000003,0.16233110065815481,1.6434341980509533
280,740.0,2.5841410000000002,0.13246746142740307,1.6434341980509533
280,750.0,2.598373,0.0846111832604063,1.6434341980509533
280,760.0,2.583489,0.03665340749878876,1.6434341980509533
280,770.0,2.545402,0.010454997356053895,1.6434341980509533
280,780.0,2.509961,0.004574488123873789,1.6434341980509533
280,790.0,2.487591,0.0033810786517954033,1.6434341980509533
280,800.0,2.47041,0.0024289570829719156,1.6434341980509533
280,810.0,2.4561140000000004,0.0016868045373241488,1.6434341980509533
280,820.0,2.4437650000000004,0.0011261909778808876,1.6434341980509533
280,830.0,2.432862,0.0007239617877670924,1.6434341980509533
280,840.0,2.4231040000000004,0.0004524049621074636,1.6434341980509533
280,850.0,2.4143060000000003,0.00026897551810841107,1.6434341980509533
280,860.0,2.406296,0.00013797519238257377,1.6434341980509533
280,870.0,2.398944,5.3306054505675886e-05,1.6434341980509533
280,880.0,2.39216,1.0884043609829169e-05,1.6434341980509533
280,890.0,2.3858770000000002,0.0,1.6434341980509533
280,900.0,2.380053,0.0,1.6434341980509533
280,910.0,2.374619,0.0,1.6434341980509533
280,920.0,2.3695290000000004,0.0,1.6434341980509533
280,930.0,2.3647440000000004,0.0,1.6434341980509533
280,940.0,2.3602320000000003,0.0,1.6434341980509533
280,950.0,2.3559690000000004,0.0,1.6434341980509533
280,960.0,2.3519310000000004,0.0,1.6434341980509533
280,970.0,2.3480990000000004,0.0,1.6434341980509533
280,980.0,2.344456,0.0,1.6434341980509533
280,990.0,2.340987,0.0,1.6434341980509533
280,1000.0,2.337679,0.0,1.6434341980509533
280,1010.0,2.3345190000000002,0.0,1.6434341980509533
280,1020.0,2.3314980000000003,0.0,1.6434341980509533
280,1030.0,2.328606,0.0,1.6434341980509533
280,1040.0,2.3258330000000003,0.0,1.6434341980509533
280,1050.0,2.3231740000000003,0.0,1.6434341980509533
280,1060.0,2.320619,0.0,1.6434341980509533
280,1070.0,2.3181640000000003,0.0,1.6434341980509533
280,1080.0,2.315801,0.0,1.6434341980509533
280,1090.0,2.313527,0.0,1.6434341980509533
280,1100.0,2.311334,0.0,1.6434341980509533
280,1110.0,2.3092200000000003,0.0,1.6434341980509533
280,1120.0,2.3071800000000002,0.0,1.6434341980509533
280,1130.0,2.305209,0.0,1.6434341980509533
280,1140.0,2.3033040000000002,0.0,1.6434341980509533
280,1150.0,2.301463,0.0,1.6434341980509533
280,1160.0,2.2996800000000004,0.0,1.6434341980509533
280,1170.0,2.2979550000000004,0.0,1.6434341980509533
280,1180.0,2.2962830000000003,0.0,1.6434341980509533
280,1190.0,2.2946630000000003,0.0,1.6434341980509533
280,1200.0,2.2930910000000004,0.0,1.6434341980509533
290,250.0,1.7196090000000002,0.7035400364094034,1.6459732388498893
290,260.0,1.742234,0.708911920303225,1.6459732388498893
290,270.0,1.7419740000000001,0.7170723932708986,1.6459732388498893
290,280.0,1.7282970000000002,0.7420609285997699,1.6459732388498893
290,290.0,1.713858,0.7894360247503479,1.6459732388498893
290,300.0,1.7108860000000001,0.8586091280945074,1.6459732388498893
290,310.0,1.730131,0.9443386427031564,1.6459732388498893
290,320.0,1.7799790000000002,1.0372201368677365,1.6459732388498893
290,330.0,1.864991,1.124144927346704,1.6459732388498893
290,340.0,1.983935,1.1894938483178095,1.6459732388498893
290,350.0,2.127688,1.2179503399059877,1.6459732388498893
290,360.0,2.278865,1.1995813106408997,1.6459732388498893
290,370.0,2.4159010000000003,1.134920639685725,1.6459732388498893
290,380.0,2.5200880000000003,1.0354203851206027,1.6459732388498893
290,390.0,2.580311,0.9201306274987712,1.6459732388498893
290,400.0,2.596899,0.8111556898480097,1.6459732388498893
290,410.0,2.5819460000000003,0.725005207748029,1.6459732388498893
290,420.0,2.551511,0.6678441722705247,1.6459732388498893
290,430.0,2.5195030000000003,0.6385031600513339,1.6459732388498893
290,440.0,2.496845,0.6318016948735103,1.6459732388498893
290,450.0,2.4917830000000003,0.6393283051968922,1.6459732388498893
290,460.0,2.5086340000000003,0.6494939040261484,1.6459732388498893
290,470.0,2.5452440000000003,0.6494322303104717,1.6459732388498893
290,480.0,2.591999,0.629733713171735,1.6459732388498893
290,490.0,2.635436,0.5890977250023266,1.6459732388498893
290,500.0,2.6648780000000003,0.5342982755368287,1.6459732388498893
290,510.0,2.676517,0.47530579694565683,1.6459732388498893
290,520.0,2.672461,0.4202871538844386,1.6459732388498893
290,530.0,2.65742,0.37375473561172634,1.6459732388498893
290,540.0,2.6361630000000003,0.33720929223357443,1.6459732388498893
290,550.0,2.61252,0.3104243024000878,1.6459732388498893
290,560.0,2.589348,0.2923894778189216,1.6459732388498893
290,570.0,2.568836,0.2817440407784324,1.6459732388498893
290,580.0,2.552772,0.27680353608016056,1.6459732388498893
290,590.0,2.542576,0.27537832438911697,1.6459732388498893
290,600.0,2.5389790000000003,0.27462752610082675,1.6459732388498893
290,610.0,2.541327,0.27125811687283896,1.6459732388498893
290,620.0,2.546847,0.2629622157658675,1.6459732388498893
290,630.0,2.551889,0.24966092523880135,1.6459732388498893
290,640.0,2.553604,0.2334369362228928,1.6459732388498893
290,650.0,2.551165,0.21720381941447958,1.6459732388498893
290,660.0,2.545544,0.20324693915729608,1.6459732388498893
290,670.0,2.538511,0.1926795727662923,1.6459732388498893
290,680.0,2.531877,0.1856603300861455,1.6459732388498893
290,690.0,2.527259,0.18175898157455075,1.6459732388498893
290,700.0,2.52619,0.18011391059578616,1.6459732388498893
290,710.0,2.5303400000000003,0.17920164604378655,1.6459732388498893
290,720.0,2.5415520000000003,0.17606847397164455,1.6459732388498893
290,730.0,2.560954,0.16501366491538239,1.6459732388498893
290,740.0,2.585141,0.1376514937168718,1.6459732388498893
290,750.0,2.599373,0.0907934056543532,1.6459732388498893
290,760.0,2.584489,0.0406018053863398,1.6459732388498893
290,770.0,2.546402,0.011393332235594765,1.6459732388498893
290,780.0,2.510961,0.00473296260105301,1.6459732388498893
290,790.0,2.488591,0.0035116525105850773,1.6459732388498893
290,800.0,2.47141,0.0025341765717706638,1.6459732388498893
290,810.0,2.4571140000000002,0.0017693580498630668,1.6459732388498893
290,820.0,2.4447650000000003,0.001188067074532792,1.6459732388498893
290,830.0,2.433862,0.0007672179515768125,1.6459732388498893
290,840.0,2.4241040000000003,0.0004816448835661788,1.6459732388498893
290,850.0,2.415306,0.00029082887845577007,1.6459732388498893
290,860.0,2.407296,0.00015314223449956044,1.6459732388498893
290,870.0,2.399944,6.208491092481026e-05,1.6459732388498893
290,880.0,2.39316,1.3610318191551304e-05,1.6459732388498893
290,890.0,2.386877,0.0,1.6459732388498893
290,900.0,2.381053,0.0,1.6459732388498893
290,910.0,2.375619,0.0,1.6459732388498893
290,920.0,2.3705290000000003,0.0,1.6459732388498893
290,930.0,2.3657440000000003,0.0,1.6459732388498893
290,940.0,2.361232,0.0,1.6459732388498893
290,950.0,2.3569690000000003,0.0,1.6459732388498893
290,960.0,2.3529310000000003,0.0,1.6459732388498893
290,970.0,2.3490990000000003,0.0,1.6459732388498893
290,980.0,2.345456,0.0,1.6459732388498893
290,990.0,2.341987,0.0,1.6459732388498893
290,1000.0,2.338679,0.0,1.6459732388498893
290,1010.0,2.335519,0.0,1.6459732388498893
290,1020.0,2.332498,0.0,1.6459732388498893
290,1030.0,2.329606,0.0,1.6459732388498893
290,1040.0,2.326833,0.0,1.6459732388498893
290,1050.0,2.324174,0.0,1.6459732388498893
290,1060.0,2.321619,0.0,1.6459732388498893
290,1070.0,2.3191640000000002,0.0,1.6459732388498893
290,1080.0,2.316801,0.0,1.6459732388498893
290,1090.0,2.314527,0.0,1.6459732388498893
290,1100.0,2.312334,0.0,1.6459732388498893
290,1110.0,2.31022,0.0,1.6459732388498893
290,1120.0,2.30818,0.0,1.6459732388498893
290,1130.0,2.306209,0.0,1.6459732388498893
290,1140.0,2.304304,0.0,1.6459732388498893
290,1150.0,2.302463,0.0,1.6459732388498893
290,1160.0,2.3006800000000003,0.0,1.6459732388498893
290,1170.0,2.2989550000000003,0.0,1.6459732388498893
290,1180.0,2.297283,0.0,1.6459732388498893
290,1190.0,2.2956630000000002,0.0,1.6459732388498893
290,1200.0,2.2940910000000003,0.0,1.6459732388498893
300,250.0,1.720609,0.703452,1.6491301257110895
300,260.0,1.743234,0.708772,1.6491301257110895
300,270.0,1.742974,0.716601,1.6491301257110895
300,280.0,1.729297,0.741093,1.6491301257110895
300,290.0,1.714858,0.787915,1.6491301257110895
300,300.0,1.711886,0.856587,1.6491301257110895
300,310.0,1.731131,0.941993,1.6491301257110895
300,320.0,1.780979,1.034871,1.6491301257110895
300,330.0,1.865991,1.12225,1.6491301257110895
300,340.0,1.984935,1.188588,1.6491301257110895
300,350.0,2.128688,1.218488,1.6491301257110895
300,360.0,2.279865,1.201727,1.6491301257110895
300,370.0,2.416901,1.138453,1.6491301257110895
300,380.0,2.521088,1.03977,1.6491301257110895
300,390.0,2.581311,0.924487,1.6491301257110895
300,400.0,2.597899,0.814798,1.6491301257110895
300,410.0,2.582946,0.727562,1.6491301257110895
300,420.0,2.552511,0.669241,1.6491301257110895
300,430.0,2.520503,0.638861,1.6491301257110895
300,440.0,2.497845,0.631432,1.6491301257110895
300,450.0,2.492783,0.638766,1.6491301257110895
300,460.0,2.509634,0.649436,1.6491301257110895
300,470.0,2.546244,0.650488,1.6491301257110895
300,480.0,2.592999,0.632106,1.6491301257110895
300,490.0,2.636436,0.592488,1.6491301257110895
300,500.0,2.665878,0.538134,1.6491301257110895
300,510.0,2.677517,0.47905,1.6491301257110895
300,520.0,2.673461,0.423594,1.6491301257110895
300,530.0,2.65842,0.376464,1.6491301257110895
300,540.0,2.637163,0.339281,1.6491301257110895
300,550.0,2.61352,0.311882,1.6491301257110895
300,560.0,2.590348,0.293292,1.6491301257110895
300,570.0,2.569836,0.282186,1.6491301257110895
300,580.0,2.553772,0.276935,1.6491301257110895
300,590.0,2.543576,0.275426,1.6491301257110895
300,600.0,2.539979,0.274897,1.6491301257110895
300,610.0,2.542327,0.272005,1.6491301257110895
300,620.0,2.547847,0.264248,1.6491301257110895
300,630.0,2.552889,0.251318,1.6491301257110895
300,640.0,2.554604,0.235175,1.6491301257110895
300,650.0,2.552165,0.218764,1.6491301257110895
300,660.0,2.546544,0.204479,1.6491301257110895
300,670.0,2.539511,0.193535,1.6491301257110895
300,680.0,2.532877,0.18616,1.6491301257110895
300,690.0,2.528259,0.181977,1.6491301257110895
300,700.0,2.52719,0.180204,1.6491301257110895
300,710.0,2.53134,0.179492,1.6491301257110895
300,720.0,2.542552,0.177261,1.6491301257110895
300,730.0,2.561954,0.168349,1.6491301257110895
300,740.0,2.586141,0.144097,1.6491301257110895
300,750.0,2.600373,0.09848,1.6491301257110895
300,760.0,2.585489,0.045511,1.6491301257110895
300,770.0,2.547402,0.012559999999999998,1.6491301257110895
300,780.0,2.511961,0.00493,1.6491301257110895
300,790.0,2.489591,0.003674,1.6491301257110895
300,800.0,2.47241,0.002665,1.6491301257110895
300,810.0,2.458114,0.001872,1.6491301257110895
300,820.0,2.445765,0.001265,1.6491301257110895
300,830.0,2.434862,0.0008210000000000001,1.6491301257110895
300,840.0,2.425104,0.000518,1.6491301257110895
300,850.0,2.416306,0.000318,1.6491301257110895
300,860.0,2.408296,0.000172,1.6491301257110895
300,870.0,2.400944,7.3e-05,1.6491301257110895
300,880.0,2.39416,1.7e-05,1.6491301257110895
300,890.0,2.387877,0.0,1.6491301257110895
300,900.0,2.382053,0.0,1.6491301257110895
300,910.0,2.376619,0.0,1.6491301257110895
300,920.0,2.371529,0.0,1.6491301257110895
300,930.0,2.366744,0.0,1.6491301257110895
300,940.0,2.362232,0.0,1.6491301257110895
300,950.0,2.357969,0.0,1.6491301257110895
300,960.0,2.353931,0.0,1.6491301257110895
300,970.0,2.350099,0.0,1.6491301257110895
300,980.0,2.346456,0.0,1.6491301257110895
300,990.0,2.342987,0.0,1.6491301257110895
300,1000.0,2.339679,0.0,1.6491301257110895
300,1010.0,2.336519,0.0,1.6491301257110895
300,1020.0,2.333498,0.0,1.6491301257110895
300,1030.0,2.330606,0.0,1.6491301257110895
300,1040.0,2.327833,0.0,1.6491301257110895
300,1050.0,2.325174,0.0,1.6491301257110895
300,1060.0,2.322619,0.0,1.6491301257110895
300,1070.0,2.320164,0.0,1.6491301257110895
300,1080.0,2.317801,0.0,1.6491301257110895
300,1090.0,2.315527,0.0,1.6491301257110895
300,1100.0,2.313334,0.0,1.6491301257110895
300,1110.0,2.31122,0.0,1.6491301257110895
300,1120.0,2.30918,0.0,1.6491301257110895
300,1130.0,2.307209,0.0,1.6491301257110895
300,1140.0,2.305304,0.0,1.6491301257110895
300,1150.0,2.303463,0.0,1.6491301257110895
300,1160.0,2.30168,0.0,1.6491301257110895
300,1170.0,2.299955,0.0,1.6491301257110895
300,1180.0,2.298283,0.0,1.6491301257110895
300,1190.0,2.296663,0.0,1.6491301257110895
300,1200.0,2.295091,0.0,1.6491301257110895
310,250.0,1.721609,0.7033425409537848,1.6530552042913915
310,260.0,1.7442339999999998,0.7086625409537848,1.6530552042913915
310,270.0,1.743974,0.7164270317175481,1.6530552042913915
310,280.0,1.730297,0.7405068986565395,1.6530552042913915
310,290.0,1.7158579999999999,0.7867115372275729,1.6530552042913915
310,300.0,1.712886,0.8546958515584527,1.6530552042913915
310,310.0,1.7321309999999999,0.9394788105407804,1.6530552042913915
310,320.0,1.781979,1.0319545724129497,1.6530552042913915
310,330.0,1.8669909999999998,1.1193292279840386,1.6530552042913915
310,340.0,1.9859349999999998,1.1862319641118628,1.6530552042913915
310,350.0,2.129688,1.21736172402447,1.6530552042913915
310,360.0,2.280865,1.2023954934276322,1.6530552042913915
310,370.0,2.417901,1.1411208179211605,1.6530552042913915
310,380.0,2.522088,1.044161919133332,1.6530552042913915
310,390.0,2.582311,0.9298950430963542,1.6530552042913915
310,400.0,2.598899,0.8202144451069017,1.6530552042913915
310,410.0,2.583946,0.7320906239858969,1.6530552042913915
310,420.0,2.553511,0.6724199579239714,1.6530552042913915
310,430.0,2.521503,0.6405977295194262,1.6530552042913915
310,440.0,2.4988449999999998,0.6318769161403116,1.6530552042913915
310,450.0,2.493783,0.6383063441766959,1.6530552042913915
310,460.0,2.510634,0.6487368643701994,1.6530552042913915
310,470.0,2.547244,0.6504160057022184,1.6530552042913915
310,480.0,2.5939989999999997,0.6334186789702321,1.6530552042913915
310,490.0,2.6374359999999997,0.5954375552502681,1.6530552042913915
310,500.0,2.666878,0.5423492590066665,1.6530552042913915
310,510.0,2.678517,0.4838191034212769,1.6530552042913915
310,520.0,2.674461,0.42824931134154,1.6530552042913915
310,530.0,2.65942,0.380575528675947,1.6530552042913915
310,540.0,2.638163,0.3426495323821663,1.6530552042913915
310,550.0,2.6145199999999997,0.31445783376793895,1.6530552042913915
310,560.0,2.591348,0.29510441136522636,1.6530552042913915
310,570.0,2.570836,0.28330814046209163,1.6530552042913915
310,580.0,2.554772,0.2774845048603935,1.6530552042913915
310,590.0,2.5445759999999997,0.27558945413647423,1.6530552042913915
310,600.0,2.540979,0.27495627691656604,1.6530552042913915
310,610.0,2.5433269999999997,0.27234004723992333,1.6530552042913915
310,620.0,2.548847,0.2651766284536958,1.6530552042913915
310,630.0,2.553889,0.2529166648803641,1.6530552042913915
310,640.0,2.5556039999999998,0.2372353046409674,1.6530552042913915
310,650.0,2.553165,0.22092500139240612,1.6530552042913915
310,660.0,2.547544,0.20641883239402536,1.6530552042913915
310,670.0,2.540511,0.19506686852616173,1.6530552042913915
310,680.0,2.533877,0.18722358550675353,1.6530552042913915
310,690.0,2.5292589999999997,0.182598258778766,1.6530552042913915
310,700.0,2.52819,0.1804750706748346,1.6530552042913915
310,710.0,2.53234,0.17960401161344677,1.6530552042913915
310,720.0,2.543552,0.1776220082161152,1.6530552042913915
310,730.0,2.562954,0.16983171337433076,1.6530552042913915
310,740.0,2.587141,0.1482439501044409,1.6530552042913915
310,750.0,2.6013729999999997,0.10649394530860389,1.6530552042913915
310,760.0,2.586489,0.0550680377235814,1.6530552042913915
310,770.0,2.548402,0.018663790053877912,1.6530552042913915
310,780.0,2.512961,0.00638056280244863,1.6530552042913915
310,790.0,2.4905909999999998,0.003918984159435864,1.6530552042913915
310,800.0,2.47341,0.002866852863686745,1.6530552042913915
310,810.0,2.459114,0.0020346577886764753,1.6530552042913915
310,820.0,2.446765,0.0013926186754978402,1.6530552042913915
310,830.0,2.4358619999999997,0.000916653658540207,1.6530552042913915
310,840.0,2.426104,0.0005848692846947205,1.6530552042913915
310,850.0,2.417306,0.0003632017113925097,1.6530552042913915
310,860.0,2.409296,0.0002057828981097831,1.6530552042913915
310,870.0,2.401944,9.644658351487226e-05,1.6530552042913915
310,880.0,2.3951599999999997,3.0571149114551316e-05,1.6530552042913915
310,890.0,2.388877,4.214521471739751e-06,1.6530552042913915
310,900.0,2.383053,0.0,1.6530552042913915
310,910.0,2.3776189999999997,0.0,1.6530552042913915
310,920.0,2.372529,0.0,1.6530552042913915
310,930.0,2.367744,0.0,1.6530552042913915
310,940.0,2.363232,0.0,1.6530552042913915
310,950.0,2.358969,0.0,1.6530552042913915
310,960.0,2.354931,0.0,1.6530552042913915
310,970.0,2.351099,0.0,1.6530552042913915
310,980.0,2.3474559999999998,0.0,1.6530552042913915
310,990.0,2.343987,0.0,1.6530552042913915
310,1000.0,2.3406789999999997,0.0,1.6530552042913915
310,1010.0,2.337519,0.0,1.6530552042913915
310,1020.0,2.334498,0.0,1.6530552042913915
310,1030.0,2.331606,0.0,1.6530552042913915
310,1040.0,2.328833,0.0,1.6530552042913915
310,1050.0,2.326174,0.0,1.6530552042913915
310,1060.0,2.323619,0.0,1.6530552042913915
310,1070.0,2.321164,0.0,1.6530552042913915
310,1080.0,2.3188009999999997,0.0,1.6530552042913915
310,1090.0,2.316527,0.0,1.6530552042913915
310,1100.0,2.3143339999999997,0.0,1.6530552042913915
310,1110.0,2.31222,0.0,1.6530552042913915
310,1120.0,2.31018,0.0,1.6530552042913915
310,1130.0,2.3082089999999997,0.0,1.6530552042913915
310,1140.0,2.306304,0.0,1.6530552042913915
310,1150.0,2.3044629999999997,0.0,1.6530552042913915
310,1160.0,2.30268,0.0,1.6530552042913915
310,1170.0,2.300955,0.0,1.6530552042913915
310,1180.0,2.299283,0.0,1.6530552042913915
310,1190.0,2.297663,0.0,1.6530552042913915
310,1200.0,2.296091,0.0,1.6530552042913915
320,250.0,1.722609,0.7032064463211263,1.6579354051154682
320,260.0,1.745234,0.7085264463211263,1.6579354051154682
320,270.0,1.744974,0.7162107302759296,1.6579354051154682
320,280.0,1.731297,0.7397781763645318,1.6579354051154682
320,290.0,1.716858,0.7852152257796395,1.6579354051154682
320,300.0,1.713886,0.8523445141281129,1.6579354051154682
320,310.0,1.733131,0.9363528223039224,1.6579354051154682
320,320.0,1.782979,1.0283284660758412,1.6579354051154682
320,330.0,1.867991,1.1156977200517468,1.6579354051154682
320,340.0,1.986935,1.1833026142790866,1.6579354051154682
320,350.0,2.1306879999999997,1.2159613818831678,1.6579354051154682
320,360.0,2.281865,1.2032266569596932,1.6579354051154682
320,370.0,2.418901,1.1444378183202542,1.6579354051154682
320,380.0,2.523088,1.0496225607320326,1.6579354051154682
320,390.0,2.5833109999999997,0.9366190706121142,1.6579354051154682
320,400.0,2.5998989999999997,0.8269489191648033,1.6579354051154682
320,410.0,2.584946,0.73772123597385,1.6579354051154682
320,420.0,2.5545109999999998,0.6763724783035954,1.6579354051154682
320,430.0,2.522503,0.6427570719780553,1.6579354051154682
320,440.0,2.4998449999999997,0.6324300974512514,1.6579354051154682
320,450.0,2.494783,0.6377348364522549,1.6579354051154682
320,460.0,2.511634,0.6478676022122857,1.6579354051154682
320,470.0,2.548244,0.6503264924289998,1.6579354051154682
320,480.0,2.5949989999999996,0.6350507831080764,1.6579354051154682
320,490.0,2.6384359999999996,0.5991048504823319,1.6579354051154682
320,500.0,2.667878,0.5475902522905383,1.6579354051154682
320,510.0,2.6795169999999997,0.489748712719655,1.6579354051154682
320,520.0,2.675461,0.4340374385804015,1.6579354051154682
320,530.0,2.66042,0.3856875500589759,1.6579354051154682
320,540.0,2.639163,0.3468377579605986,1.6579354051154682
320,550.0,2.6155199999999996,0.31766046673943316,1.6579354051154682
320,560.0,2.592348,0.29735785196703535,1.6579354051154682
320,570.0,2.571836,0.28470334076083537,1.6579354051154682
320,580.0,2.5557719999999997,0.2781677253406114,1.6579354051154682
320,590.0,2.5455759999999996,0.27579268293691755,1.6579354051154682
320,600.0,2.541979,0.27502997818168873,1.6579354051154682
320,610.0,2.5443269999999996,0.2727566243307832,1.6579354051154682
320,620.0,2.5498469999999998,0.26633122784636276,1.6579354051154682
320,630.0,2.5548889999999997,0.2549043462750064,1.6579354051154682
320,640.0,2.5566039999999997,0.23979696046542853,1.6579354051154682
320,650.0,2.554165,0.22361185735217642,1.6579354051154682
320,660.0,2.5485439999999997,0.20883070045073182,1.6579354051154682
320,670.0,2.541511,0.19697149945030906,1.6579354051154682
320,680.0,2.534877,0.1885459821824744,1.6579354051154682
320,690.0,2.5302589999999996,0.18337069365925837,1.6579354051154682
320,700.0,2.52919,0.18081210324721406,1.6579354051154682
320,710.0,2.53334,0.17974327995089928,1.6579354051154682
320,720.0,2.544552,0.17807086358492885,1.6579354051154682
320,730.0,2.563954,0.17167522781187403,1.6579354051154682
320,740.0,2.588141,0.15340001230881606,1.6579354051154682
320,750.0,2.6023729999999996,0.1164579910465481,1.6579354051154682
320,760.0,2.5874889999999997,0.06695066947735523,1.6579354051154682
320,770.0,2.5494019999999997,0.02625286646126903,1.6579354051154682
320,780.0,2.5139609999999997,0.008184103200190206,1.6579354051154682
320,790.0,2.4915909999999997,0.00422358236614811,1.6579354051154682
320,800.0,2.4744099999999998,0.0031178242752273773,1.6579354051154682
320,810.0,2.460114,0.0022368964593428727,1.6579354051154682
320,820.0,2.447765,0.0015512918721206238,1.6579354051154682
320,830.0,2.4368619999999996,0.0010355835229196235,1.6579354051154682
320,840.0,2.427104,0.0006680104324695213,1.6579354051154682
320,850.0,2.418306,0.0004194027337859086,1.6579354051154682
320,860.0,2.4102959999999998,0.0002477864717509451,1.6579354051154682
320,870.0,2.4029439999999997,0.0001255986205633277,1.6579354051154682
320,880.0,2.3961599999999996,4.744467960254609e-05,1.6579354051154682
320,890.0,2.389877,9.454597750133843e-06,1.6579354051154682
320,900.0,2.3840529999999998,0.0,1.6579354051154682
320,910.0,2.3786189999999996,0.0,1.6579354051154682
320,920.0,2.373529,0.0,1.6579354051154682
320,930.0,2.368744,0.0,1.6579354051154682
320,940.0,2.364232,0.0,1.6579354051154682
320,950.0,2.359969,0.0,1.6579354051154682
320,960.0,2.355931,0.0,1.6579354051154682
320,970.0,2.352099,0.0,1.6579354051154682
320,980.0,2.3484559999999997,0.0,1.6579354051154682
320,990.0,2.3449869999999997,0.0,1.6579354051154682
320,1000.0,2.3416789999999996,0.0,1.6579354051154682
320,1010.0,2.338519,0.0,1.6579354051154682
320,1020.0,2.335498,0.0,1.6579354051154682
320,1030.0,2.3326059999999997,0.0,1.6579354051154682
320,1040.0,2.329833,0.0,1.6579354051154682
320,1050.0,2.327174,0.0,1.6579354051154682
320,1060.0,2.3246189999999998,0.0,1.6579354051154682
320,1070.0,2.322164,0.0,1.6579354051154682
320,1080.0,2.3198009999999996,0.0,1.6579354051154682
320,1090.0,2.3175269999999997,0.0,1.6579354051154682
320,1100.0,2.3153339999999996,0.0,1.6579354051154682
320,1110.0,2.31322,0.0,1.6579354051154682
320,1120.0,2.31118,0.0,1.6579354051154682
320,1130.0,2.3092089999999996,0.0,1.6579354051154682
320,1140.0,2.307304,0.0,1.6579354051154682
320,1150.0,2.3054629999999996,0.0,1.6579354051154682
320,1160.0,2.30368,0.0,1.6579354051154682
320,1170.0,2.301955,0.0,1.6579354051154682
320,1180.0,2.300283,0.0,1.6579354051154682
320,1190.0,2.298663,0.0,1.6579354051154682
320,1200.0,2.297091,0.0,1.6579354051154682
330,250.0,1.723609,0.7030372346417001,1.6640031460781186
330,260.0,1.7462339999999998,0.7083572346417001,1.6640031460781186
330,270.0,1.745974,0.7159417943929812,1.6640031460781186
330,280.0,1.732297,0.7388721279741054,1.6640031460781186
330,290.0,1.7178579999999999,0.7833548043353585,1.6640031460781186
330,300.0,1.714886,0.8494210060682189,1.6640031460781186
330,310.0,1.7341309999999999,0.9324661611690016,1.6640031460781186
330,320.0,1.783979,1.0238199889148087,1.6640031460781186
330,330.0,1.8689909999999998,1.1111825268801365,1.6640031460781186
330,340.0,1.9879349999999998,1.1796604412179745,1.6640031460781186
330,350.0,2.131688,1.2142202827606512,1.6640031460781186
330,360.0,2.282865,1.204260074475068,1.6640031460781186
330,370.0,2.4199010000000003,1.148561972206588,1.6640031460781186
330,380.0,2.5240880000000003,1.056411985984231,1.6640031460781186
330,390.0,2.584311,0.9449793120575227,1.6640031460781186
330,400.0,2.600899,0.835322149196943,1.6640031460781186
330,410.0,2.5859460000000003,0.7447219919336336,1.6640031460781186
330,420.0,2.555511,0.681286798569851,1.6640031460781186
330,430.0,2.5235030000000003,0.6454418653217994,1.6640031460781186
330,440.0,2.500845,0.6331178890035177,1.6640031460781186
330,450.0,2.4957830000000003,0.6370242589668053,1.6640031460781186
330,460.0,2.5126340000000003,0.6467868152133506,1.6640031460781186
330,470.0,2.5492440000000003,0.6502151971413285,1.6640031460781186
330,480.0,2.595999,0.6370800408147779,1.6640031460781186
330,490.0,2.639436,0.6036645393770892,1.6640031460781186
330,500.0,2.6688780000000003,0.5541065803638893,1.6640031460781186
330,510.0,2.680517,0.49712122350953336,1.6640031460781186
330,520.0,2.676461,0.4412340392962981,1.6640031460781186
330,530.0,2.66142,0.3920435224187025,1.6640031460781186
330,540.0,2.6401630000000003,0.3520451395457365,1.6640031460781186
330,550.0,2.61652,0.3216424232141742,1.6640031460781186
330,560.0,2.593348,0.30015964114321825,1.6640031460781186
330,570.0,2.572836,0.28643804683318025,1.6640031460781186
330,580.0,2.556772,0.2790171995823038,1.6640031460781186
330,590.0,2.546576,0.27604536510342925,1.6640031460781186
330,600.0,2.5429790000000003,0.27512161379290745,1.6640031460781186
330,610.0,2.545327,0.2732745706140266,1.6640031460781186
330,620.0,2.550847,0.2677667855791048,1.6640031460781186
330,630.0,2.555889,0.2573757068303891,1.6640031460781186
330,640.0,2.557604,0.24298196545571712,1.6640031460781186
330,650.0,2.555165,0.2269525284752596,1.6640031460781186
330,660.0,2.549544,0.21182946856125415,1.6640031460781186
330,670.0,2.542511,0.19933960016865726,1.6640031460781186
330,680.0,2.535877,0.19019016871647065,1.6640031460781186
330,690.0,2.531259,0.1843310915884215,1.6640031460781186
330,700.0,2.53019,0.18123114877810392,1.6640031460781186
330,710.0,2.5343400000000003,0.17991643761928697,1.6640031460781186
330,720.0,2.5455520000000003,0.17862894268983356,1.6640031460781186
330,730.0,2.564954,0.17396734005707756,1.6640031460781186
330,740.0,2.589141,0.15981074231179285,1.6640031460781186
330,750.0,2.603373,0.12884667148354317,1.6640031460781186
330,760.0,2.588489,0.08172480153371475,1.6640031460781186
330,770.0,2.550402,0.03568865638995969,1.6640031460781186
330,780.0,2.514961,0.010426514187701515,1.6640031460781186
330,790.0,2.492591,0.004602301005532674,1.6640031460781186
330,800.0,2.47541,0.0034298666622427504,1.6640031460781186
330,810.0,2.4611140000000002,0.002488347559506692,1.6640031460781186
330,820.0,2.4487650000000003,0.0017485763465776554,1.6640031460781186
330,830.0,2.437862,0.0011834535872450951,1.6640031460781186
330,840.0,2.4281040000000003,0.000771383012045767,1.6640031460781186
330,850.0,2.419306,0.0004892796216461077,1.6640031460781186
330,860.0,2.411296,0.00030001112674931806,1.6640031460781186
330,870.0,2.403944,0.00016184446693729955,1.6640031460781186
330,880.0,2.39716,6.842418758127905e-05,1.6640031460781186
330,890.0,2.390877,1.5969785675384837e-05,1.6640031460781186
330,900.0,2.385053,0.0,1.6640031460781186
330,910.0,2.379619,0.0,1.6640031460781186
330,920.0,2.3745290000000003,0.0,1.6640031460781186
330,930.0,2.3697440000000003,0.0,1.6640031460781186
330,940.0,2.3652320000000002,0.0,1.6640031460781186
330,950.0,2.3609690000000003,0.0,1.6640031460781186
330,960.0,2.3569310000000003,0.0,1.6640031460781186
330,970.0,2.3530990000000003,0.0,1.6640031460781186
330,980.0,2.349456,0.0,1.6640031460781186
330,990.0,2.345987,0.0,1.6640031460781186
330,1000.0,2.342679,0.0,1.6640031460781186
330,1010.0,2.339519,0.0,1.6640031460781186
330,1020.0,2.336498,0.0,1.6640031460781186
330,1030.0,2.333606,0.0,1.6640031460781186
330,1040.0,2.330833,0.0,1.6640031460781186
330,1050.0,2.328174,0.0,1.6640031460781186
330,1060.0,2.325619,0.0,1.6640031460781186
330,1070.0,2.3231640000000002,0.0,1.6640031460781186
330,1080.0,2.320801,0.0,1.6640031460781186
330,1090.0,2.318527,0.0,1.6640031460781186
330,1100.0,2.316334,0.0,1.6640031460781186
330,1110.0,2.31422,0.0,1.6640031460781186
330,1120.0,2.31218,0.0,1.6640031460781186
330,1130.0,2.310209,0.0,1.6640031460781186
330,1140.0,2.308304,0.0,1.6640031460781186
330,1150.0,2.306463,0.0,1.6640031460781186
330,1160.0,2.3046800000000003,0.0,1.6640031460781186
330,1170.0,2.3029550000000003,0.0,1.6640031460781186
330,1180.0,2.301283,0.0,1.6640031460781186
330,1190.0,2.2996630000000002,0.0,1.6640031460781186
330,1200.0,2.2980910000000003,0.0,1.6640031460781186
340,250.0,1.724609,0.7028268472671585,1.6715474012670002
340,260.0,1.747234,0.7081468472671585,1.6715474012670002
340,270.0,1.746974,0.7156074160892766,1.6715474012670002
340,280.0,1.733297,0.7377456032406128,1.6715474012670002
340,290.0,1.718858,0.7810416709598709,1.6715474012670002
340,300.0,1.715886,0.8457860963075107,1.6715474012670002
340,310.0,1.735131,0.9276337262290394,1.6715474012670002
340,320.0,1.784979,1.0182144262473454,1.6715474012670002
340,330.0,1.869991,1.1055686139389944,1.6715474012670002
340,340.0,1.988935,1.175131987682427,1.6715474012670002
340,350.0,2.132688,1.2120555074068158,1.6715474012670002
340,360.0,2.283865,1.2055449621294088,1.6715474012670002
340,370.0,2.420901,1.1536896909981846,1.6715474012670002
340,380.0,2.525088,1.0648535389449971,1.6715474012670002
340,390.0,2.585311,0.9553739210714974,1.6715474012670002
340,400.0,2.601899,0.8457329074192388,1.6715474012670002
340,410.0,2.586946,0.7534263004729714,1.6715474012670002
340,420.0,2.556511,0.687396961544298,1.6715474012670002
340,430.0,2.524503,0.6487799719152236,1.6715474012670002
340,440.0,2.501845,0.6339730466345032,1.6715474012670002
340,450.0,2.496783,0.636140770710681,1.6715474012670002
340,460.0,2.513634,0.6454430312622915,1.6715474012670002
340,470.0,2.550244,0.6500768194392018,1.6715474012670002
340,480.0,2.596999,0.639603094794438,1.6715474012670002
340,490.0,2.640436,0.6093337755583467,1.6715474012670002
340,500.0,2.669878,0.5622085811220697,1.6715474012670002
340,510.0,2.681517,0.5062877490952489,1.6715474012670002
340,520.0,2.677461,0.4501818491364697,1.6715474012670002
340,530.0,2.66242,0.39994614676447116,1.6715474012670002
340,540.0,2.641163,0.3585196769042011,1.6715474012670002
340,550.0,2.61752,0.32659334250710087,1.6715474012670002
340,560.0,2.594348,0.3036432131448378,1.6715474012670002
340,570.0,2.573836,0.28859487346240353,1.6715474012670002
340,580.0,2.557772,0.2800733835056383,1.6715474012670002
340,590.0,2.547576,0.2763595345377505,1.6715474012670002
340,600.0,2.543979,0.27523554786485915,1.6715474012670002
340,610.0,2.546327,0.273918553104211,1.6715474012670002
340,620.0,2.551847,0.2695516695978595,1.6715474012670002
340,630.0,2.556889,0.2604484442475446,1.6715474012670002
340,640.0,2.558604,0.2469420043849503,1.6715474012670002
340,650.0,2.556165,0.2311061130810959,1.6715474012670002
340,660.0,2.550544,0.21555795203101957,1.6715474012670002
340,670.0,2.543511,0.20228395066782373,1.6715474012670002
340,680.0,2.536877,0.19223444892997077,1.6715474012670002
340,690.0,2.532259,0.1855251911890932,1.6715474012670002
340,700.0,2.53119,0.18175216416756323,1.6715474012670002
340,710.0,2.53534,0.180131731193332,1.6715474012670002
340,720.0,2.546552,0.17932282385728945,1.6715474012670002
340,730.0,2.565954,0.17681721117151988,1.6715474012670002
340,740.0,2.590141,0.16778144893674257,1.6715474012670002
340,750.0,2.604373,0.1441761689367425,1.6715474012670002
340,760.0,2.589489,0.09983344065582883,1.6715474012670002
340,770.0,2.551402,0.04850086505964012,1.6715474012670002
340,780.0,2.515961,0.015314433543349881,1.6715474012670002
340,790.0,2.493591,0.00577775437812767,1.6715474012670002
340,800.0,2.47641,0.0038485764232359353,1.6715474012670002
340,810.0,2.462114,0.002833754516916066,1.6715474012670002
340,820.0,2.449765,0.002027327825209998,1.6715474012670002
340,830.0,2.438862,0.0014014942105008016,1.6715474012670002
340,840.0,2.429104,0.0009338775413172902,1.6715474012670002
340,850.0,2.420306,0.0006040395189281731,1.6715474012670002
340,860.0,2.412296,0.0003808114006442486,1.6715474012670002
340,870.0,2.404944,0.00022230036627296235,1.6715474012670002
340,880.0,2.39816,0.0001101603186711541,1.6715474012670002
340,890.0,2.391877,3.976724190773503e-05,1.6715474012670002
340,900.0,2.386053,7.4481466214564715e-06,1.6715474012670002
340,910.0,2.380619,0.0,1.6715474012670002
340,920.0,2.3755290000000002,0.0,1.6715474012670002
340,930.0,2.370744,0.0,1.6715474012670002
340,940.0,2.366232,0.0,1.6715474012670002
340,950.0,2.361969,0.0,1.6715474012670002
340,960.0,2.357931,0.0,1.6715474012670002
340,970.0,2.354099,0.0,1.6715474012670002
340,980.0,2.350456,0.0,1.6715474012670002
340,990.0,2.346987,0.0,1.6715474012670002
340,1000.0,2.343679,0.0,1.6715474012670002
340,1010.0,2.340519,0.0,1.6715474012670002
340,1020.0,2.337498,0.0,1.6715474012670002
340,1030.0,2.334606,0.0,1.6715474012670002
340,1040.0,2.331833,0.0,1.6715474012670002
340,1050.0,2.329174,0.0,1.6715474012670002
340,1060.0,2.326619,0.0,1.6715474012670002
340,1070.0,2.324164,0.0,1.6715474012670002
340,1080.0,2.321801,0.0,1.6715474012670002
340,1090.0,2.319527,0.0,1.6715474012670002
340,1100.0,2.317334,0.0,1.6715474012670002
340,1110.0,2.31522,0.0,1.6715474012670002
340,1120.0,2.31318,0.0,1.6715474012670002
340,1130.0,2.311209,0.0,1.6715474012670002
340,1140.0,2.309304,0.0,1.6715474012670002
340,1150.0,2.307463,0.0,1.6715474012670002
340,1160.0,2.30568,0.0,1.6715474012670002
340,1170.0,2.303955,0.0,1.6715474012670002
340,1180.0,2.302283,0.0,1.6715474012670002
340,1190.0,2.300663,0.0,1.6715474012670002
340,1200.0,2.299091,0.0,1.6715474012670002
350,250.0,1.725609,0.7025652645707596,1.6809274632547
350,260.0,1.7482339999999998,0.7078852645707596,1.6809274632547
350,270.0,1.747974,0.7151916707124879,1.6809274632547
350,280.0,1.734297,0.7363449518089896,1.6809274632547
350,290.0,1.7198579999999999,0.7781656634674584,1.6809274632547
350,300.0,1.716886,0.8412666735120844,1.6809274632547
350,310.0,1.7361309999999999,0.9216253744231283,1.6809274632547
350,320.0,1.785979,1.0112448150689963,1.6809274632547
350,330.0,1.8709909999999998,1.0985886205449384,1.6809274632547
350,340.0,1.9899349999999998,1.1695015876219343,1.6809274632547
350,350.0,2.133688,1.2093639591359742,1.6809274632547
350,360.0,2.284865,1.2071425122577117,1.6809274632547
350,370.0,2.421901,1.1600651805483728,1.6809274632547
350,380.0,2.526088,1.0753492456863505,1.6809274632547
350,390.0,2.586311,0.9682979373524786,1.6809274632547
350,400.0,2.602899,0.8586770026306526,1.6809274632547
350,410.0,2.587946,0.7642487013084293,1.6809274632547
350,420.0,2.557511,0.6949939616483946,1.6809274632547
350,430.0,2.525503,0.6529303679429213,1.6809274632547
350,440.0,2.5028449999999998,0.6350362969338462,1.6809274632547
350,450.0,2.497783,0.635042295857913,1.6809274632547
350,460.0,2.514634,0.6437722531081292,1.6809274632547
350,470.0,2.551244,0.6499047691318928,1.6809274632547
350,480.0,2.5979989999999997,0.6427401046297364,1.6809274632547
350,490.0,2.6414359999999997,0.6163825544598717,1.6809274632547
350,500.0,2.670878,0.5722821095796067,1.6809274632547
350,510.0,2.682517,0.5176848421220808,1.6809274632547
350,520.0,2.678461,0.4613070044836337,1.6809274632547
350,530.0,2.66342,0.4097717828773716,1.6809274632547
350,540.0,2.642163,0.3665697176628404,1.6809274632547
350,550.0,2.6185199999999997,0.33274901045589855,1.6809274632547
350,560.0,2.595348,0.3079744718967905,1.6809274632547
350,570.0,2.574836,0.29127653877890164,1.6809274632547
350,580.0,2.558772,0.281386577508658,1.6809274632547
350,590.0,2.5485759999999997,0.2767501534517179,1.6809274632547
350,600.0,2.544979,0.2753772064687453,1.6809274632547
350,610.0,2.5473269999999997,0.27471924124713387,1.6809274632547
350,620.0,2.552847,0.2717708843934365,1.6809274632547
350,630.0,2.557889,0.2642601383616904,1.6809274632547
350,640.0,2.5596039999999998,0.25174295909482486,1.6809274632547
350,650.0,2.557165,0.23621938044476698,1.6809274632547
350,660.0,2.551544,0.22035672724595848,1.6809274632547
350,670.0,2.544511,0.20633513652026175,1.6809274632547
350,680.0,2.537877,0.19532265698605164,1.6809274632547
350,690.0,2.5332589999999997,0.18761494908476528,1.6809274632547
350,700.0,2.53219,0.18294637533198504,1.6809274632547
350,710.0,2.53634,0.1806769062572548,1.6809274632547
350,720.0,2.547552,0.17970719173362718,1.6809274632547
350,730.0,2.566954,0.17801567622820083,1.6809274632547
350,740.0,2.591141,0.1716894301569905,1.6809274632547
350,750.0,2.6053729999999997,0.15408645436001195,1.6809274632547
350,760.0,2.590489,0.11898498175821276,1.6809274632547
350,770.0,2.552402,0.07134005271714723,1.6809274632547
350,780.0,2.516961,0.02990112980788051,1.6809274632547
350,790.0,2.494591,0.009244275805826783,1.6809274632547
350,800.0,2.47741,0.004434033899946154,1.6809274632547
350,810.0,2.463114,0.003316137820852546,1.6809274632547
350,820.0,2.450765,0.0024160436456331707,1.6809274632547
350,830.0,2.4398619999999998,0.0017064743688511045,1.6809274632547
350,840.0,2.430104,0.0011624684416269545,1.6809274632547
350,850.0,2.421306,0.0007638421885250103,1.6809274632547
350,860.0,2.413296,0.0004888334048251777,1.6809274632547
350,870.0,2.405944,0.0003030339546358049,1.6809274632547
350,880.0,2.3991599999999997,0.00016619242153732413,1.6809274632547
350,890.0,2.392877,7.219926010417434e-05,1.6809274632547
350,900.0,2.387053,1.8674166471215113e-05,1.6809274632547
350,910.0,2.3816189999999997,1.263013878189352e-06,1.6809274632547
350,920.0,2.376529,0.0,1.6809274632547
350,930.0,2.371744,0.0,1.6809274632547
350,940.0,2.367232,0.0,1.6809274632547
350,950.0,2.362969,0.0,1.6809274632547
350,960.0,2.358931,0.0,1.6809274632547
350,970.0,2.355099,0.0,1.6809274632547
350,980.0,2.3514559999999998,0.0,1.6809274632547
350,990.0,2.347987,0.0,1.6809274632547
350,1000.0,2.3446789999999997,0.0,1.6809274632547
350,1010.0,2.341519,0.0,1.6809274632547
350,1020.0,2.338498,0.0,1.6809274632547
350,1030.0,2.335606,0.0,1.6809274632547
350,1040.0,2.332833,0.0,1.6809274632547
350,1050.0,2.330174,0.0,1.6809274632547
350,1060.0,2.327619,0.0,1.6809274632547
350,1070.0,2.325164,0.0,1.6809274632547
350,1080.0,2.3228009999999997,0.0,1.6809274632547
350,1090.0,2.320527,0.0,1.6809274632547
350,1100.0,2.3183339999999997,0.0,1.6809274632547
350,1110.0,2.31622,0.0,1.6809274632547
350,1120.0,2.31418,0.0,1.6809274632547
350,1130.0,2.3122089999999997,0.0,1.6809274632547
350,1140.0,2.310304,0.0,1.6809274632547
350,1150.0,2.3084629999999997,0.0,1.6809274632547
350,1160.0,2.30668,0.0,1.6809274632547
350,1170.0,2.304955,0.0,1.6809274632547
350,1180.0,2.303283,0.0,1.6809274632547
350,1190.0,2.301663,0.0,1.6809274632547
350,1200.0,2.300091,0.0,1.6809274632547
360,250.0,1.726609,0.7022400287660711,1.6925900542845953
360,260.0,1.749234,0.707560028766071,1.6925900542845953
360,270.0,1.748974,0.7146747585312663,1.6925900542845953
360,280.0,1.735297,0.734603468133948,1.6925900542845953
360,290.0,1.720858,0.7745898129851374,1.6925900542845953
360,300.0,1.717886,0.8356475017173401,1.6925900542845953
360,310.0,1.737131,0.9141549600518839,1.6925900542845953
360,320.0,1.786979,1.0025792300315997,1.6925900542845953
360,330.0,1.871991,1.0899101269003346,1.6925900542845953
360,340.0,1.990935,1.1625010951596955,1.6925900542845953
360,350.0,2.1346879999999997,1.2060174538824686,1.6925900542845953
360,360.0,2.285865,1.2091288076383377,1.6925900542845953
360,370.0,2.422901,1.1679920713660157,1.6925900542845953
360,380.0,2.527088,1.0883989606514155,1.6925900542845953
360,390.0,2.5873109999999997,0.9843668627547252,1.6925900542845953
360,400.0,2.6038989999999997,0.8747708929376365,1.6925900542845953
360,410.0,2.588946,0.7777046075776037,1.6925900542845953
360,420.0,2.5585109999999998,0.7044396034132709,1.6925900542845953
360,430.0,2.526503,0.6580907145959188,1.6925900542845953
360,440.0,2.5038449999999997,0.6363582768333299,1.6925900542845953
360,450.0,2.498783,0.6336765199194111,1.6925900542845953
360,460.0,2.515634,0.6416949105128211,1.6925900542845953
360,470.0,2.552244,0.649690852382372,1.6925900542845953
360,480.0,2.5989989999999996,0.6466404693409529,1.6925900542845953
360,490.0,2.6424359999999996,0.6251465717655608,1.6925900542845953
360,500.0,2.671878,0.5848069140832792,1.6925900542845953
360,510.0,2.6835169999999997,0.5318552852466484,1.6925900542845953
360,520.0,2.679461,0.47513933705544104,1.6925900542845953
360,530.0,2.66442,0.4219883733160701,1.6925900542845953
360,540.0,2.643163,0.37660392887162575,1.6925900542845953
360,550.0,2.6195199999999996,0.3407477513498889,1.6925900542845953
360,560.0,2.596348,0.3139821243551477,1.6925900542845953
360,570.0,2.575836,0.29542197281722976,1.6925900542845953
360,580.0,2.5597719999999997,0.28388772169325455,1.6925900542845953
360,590.0,2.5495759999999996,0.27794632200653163,1.6925900542845953
360,600.0,2.545979,0.27577712493748396,1.6925900542845953
360,610.0,2.5483269999999996,0.27504168030941173,1.6925900542845953
360,620.0,2.5538469999999998,0.2729160578642787,1.6925900542845953
360,630.0,2.5588889999999997,0.2670193732795668,1.6925900542845953
360,640.0,2.5606039999999997,0.25649307410834604,1.6925900542845953
360,650.0,2.558165,0.2423411662722368,1.6925900542845953
360,660.0,2.5525439999999997,0.22677771346038678,1.6925900542845953
360,670.0,2.545511,0.2120989630055699,1.6925900542845953
360,680.0,2.538877,0.19987429990648914,1.6925900542845953
360,690.0,2.5342589999999996,0.19077518206782978,1.6925900542845953
360,700.0,2.53319,0.184792322339732,1.6925900542845953
360,710.0,2.53734,0.1814823389017524,1.6925900542845953
360,720.0,2.548552,0.18004001198461125,1.6925900542845953
360,730.0,2.567954,0.17908834040468719,1.6925900542845953
360,740.0,2.592141,0.17609501831162186,1.6925900542845953
360,750.0,2.6063729999999996,0.16640829253471545,1.6925900542845953
360,760.0,2.5914889999999997,0.14279682775264482,1.6925900542845953
360,770.0,2.5534019999999997,0.09953395181279545,1.6925900542845953
360,780.0,2.5179609999999997,0.04946661146699926,1.6925900542845953
360,790.0,2.4955909999999997,0.01674403919818282,1.6925900542845953
360,800.0,2.47841,0.006303420367945118,1.6925900542845953
360,810.0,2.464114,0.00396759268475194,1.6925900542845953
360,820.0,2.451765,0.002955819182178308,1.6925900542845953
360,830.0,2.4408619999999996,0.002144332779954493,1.6925900542845953
360,840.0,2.431104,0.0015073985401977256,1.6925900542845953
360,850.0,2.422306,0.001023454028074204,1.6925900542845953
360,860.0,2.4142959999999998,0.0006735411031933008,1.6925900542845953
360,870.0,2.4069439999999998,0.0004322832486334878,1.6925900542845953
360,880.0,2.4001599999999996,0.00026401134682035155,1.6925900542845953
360,890.0,2.393877,0.00014128344257038813,1.6925900542845953
360,900.0,2.3880529999999998,5.899813927599905e-05,1.6925900542845953
360,910.0,2.3826189999999996,1.3785626943385964e-05,1.6925900542845953
360,920.0,2.377529,0.0,1.6925900542845953
360,930.0,2.372744,0.0,1.6925900542845953
360,940.0,2.368232,0.0,1.6925900542845953
360,950.0,2.363969,0.0,1.6925900542845953
360,960.0,2.359931,0.0,1.6925900542845953
360,970.0,2.356099,0.0,1.6925900542845953
360,980.0,2.3524559999999997,0.0,1.6925900542845953
360,990.0,2.3489869999999997,0.0,1.6925900542845953
360,1000.0,2.3456789999999996,0.0,1.6925900542845953
360,1010.0,2.342519,0.0,1.6925900542845953
360,1020.0,2.339498,0.0,1.6925900542845953
360,1030.0,2.3366059999999997,0.0,1.6925900542845953
360,1040.0,2.333833,0.0,1.6925900542845953
360,1050.0,2.331174,0.0,1.6925900542845953
360,1060.0,2.3286189999999998,0.0,1.6925900542845953
360,1070.0,2.326164,0.0,1.6925900542845953
360,1080.0,2.3238009999999996,0.0,1.6925900542845953
360,1090.0,2.3215269999999997,0.0,1.6925900542845953
360,1100.0,2.3193339999999996,0.0,1.6925900542845953
360,1110.0,2.31722,0.0,1.6925900542845953
360,1120.0,2.31518,0.0,1.6925900542845953
360,1130.0,2.3132089999999996,0.0,1.6925900542845953
360,1140.0,2.311304,0.0,1.6925900542845953
360,1150.0,2.3094629999999996,0.0,1.6925900542845953
360,1160.0,2.30768,0.0,1.6925900542845953
360,1170.0,2.305955,0.0,1.6925900542845953
360,1180.0,2.304283,0.0,1.6925900542845953
360,1190.0,2.302663,0.0,1.6925900542845953
360,1200.0,2.301091,0.0,1.6925900542845953
